address_id,delivery_address1,delivery_address2,delivery_city,delivery_zipcode
1,45335 Manufacturers Circle,,Pasauran,
2,762 2nd Lane,,Nanqiu,
3,29 Grasskamp Crossing,,La Falda,4640
4,23349 Chive Place,92104 Pawling Place,Laḩij,
5,640 Knutson Way,,Tianhe,
6,040 Monument Center,,Donglu,
7,442 Schurz Lane,5 Hanson Avenue,Pindangan Centro,8603
8,5 Londonderry Center,,Mamonovo,238450
9,32788 Del Mar Junction,,Hongqi,
10,93986 Waubesa Parkway,,Dikwa,
11,1 Hansons Pass,,Castillos,
12,93 Bellgrove Parkway,,Colonias Unidas,3515
13,564 Norway Maple Plaza,,Siemkowice,98-354
14,417 Maple Wood Hill,,Mawlaik,
15,4648 Saint Paul Trail,,Kobayashi,999-6735
16,350 Banding Street,,Bárrio,4990-692
17,9 Annamark Parkway,,Nikolina Gora,143031
18,50040 Commercial Plaza,,Ilongero,
19,2 Londonderry Drive,,Independencia,63136
20,188 Summerview Alley,,Šluknov,407 77
21,89 Kings Way,,Mogapinyana,
22,00 Atwood Junction,,Wielichowo,64-050
23,2874 Darwin Pass,,Taourirt,
24,4 Hagan Junction,,Brignoles,83174 CEDEX
25,83 Lakewood Gardens Place,,Dolsk,63-140
26,27 Buell Plaza,,Nowy Staw,82-230
27,33 Chinook Center,,Sobinka,601240
28,20387 Anzinger Place,,Wates,
29,7607 Mcbride Terrace,,Otlja,1315
30,28 Cambridge Alley,,Al ‘Azīzīyah,
31,1801 Magdeline Plaza,,Būrabay,
32,21570 Hansons Lane,,Vozuća,
33,0233 Cardinal Trail,,Yajin,
34,8366 Marcy Alley,,San Francisco,8501
35,2 Thompson Road,,Al Qadarif,
36,9 Schurz Park,,Lökbatan,
37,045 Dovetail Junction,,Gobernador Costa,9223
38,3931 Leroy Trail,50 Bay Lane,Quibal,5103
39,9 Brown Alley,,Illkirch-Graffenstaden,67404 CEDEX
40,89 Johnson Plaza,,Tchamba,
41,577 Onsgard Way,,Santa Cruz,
42,408 Namekagon Parkway,0789 Anderson Way,Shitong,
43,36571 Petterle Lane,,Churovichi,243044
44,350 Pond Place,17 Calypso Center,Xiaruyue,
45,6736 Hintze Crossing,,Hermanus,7210
46,4760 Union Circle,,Khao Khitchakut,50140
47,3344 Tennessee Point,,Olympia,98516
48,4 Westridge Pass,,Balazar,4805-005
49,597 Dryden Place,,New York City,10160
50,1918 Debra Circle,,Malgobek,386340
51,75830 Hoard Point,,Santa Eulalia,
52,3814 Waywood Drive,,Sabadell,08204
53,4276 American Ash Trail,,Ejmiatsin,
54,7 Merry Trail,,Ettelbruck,L-9098
55,13192 Johnson Terrace,,Nosy Varika,
56,105 Kingsford Center,,Xuri,
57,20831 Sheridan Terrace,,Zombo,
58,55296 Victoria Way,,Vlachovice,592 31
59,36 Linden Circle,,Mokwa,
60,45642 Chive Plaza,,Wolbrom,32-340
61,6 Green Ridge Junction,,Johor Bahru,80600
62,1 Veith Hill,,Pandanwangi,
63,65 Michigan Terrace,,Uherce Mineralne,85-156
64,0488 Bobwhite Parkway,,Karata,368997
65,112 Jenna Trail,,Rey,
66,62 Dorton Parkway,,Mariestad,542 33
67,7 Brentwood Hill,,Ngarus,
68,542 Roxbury Road,,Luzern,6015
69,13547 Shasta Hill,,Pingshanhu,
70,569 Blaine Pass,,T’ianet’i,
71,49890 Knutson Trail,,Nōgata,822-0034
72,0 Loomis Plaza,,Sebulu,
73,105 Bunker Hill Parkway,,Belyayevka,629350
74,81 Hanson Center,,Bāglung,
75,8615 Heffernan Crossing,,Rybnoye,393917
76,4 Park Meadow Circle,,Hoi,
77,36 Nobel Street,,Tonoas Municipal Building,
78,5328 Claremont Trail,,Jiulong,
79,5 Elgar Crossing,,Ronglong,
80,5 Swallow Point,,Bennäs,02701
81,45 Talmadge Park,,Khinjān,
82,2 Westport Park,,Dzaoudzi,97615
83,44176 Ridgeway Road,,Matão,15990-000
84,2655 Moulton Hill,,Dokuchayevs’k,
85,0893 Mayer Trail,,Yanjiatai,
86,15924 Summerview Terrace,,Shanmei,
87,5 Service Way,,Chazón,2675
88,117 Reindahl Street,,Knivsta,741 72
89,84 Cody Avenue,,Feitoria,4650-291
90,83094 Harbort Drive,,Semypolky,
91,95 Corscot Circle,50658 Upham Alley,Tierralta,234518
92,897 Longview Place,,Tajerouine,
93,637 Emmet Point,,Grand Junction,81505
94,39 Superior Street,,Kanthararom,33130
95,65 Saint Paul Pass,,Macabugos,1283
96,8454 Jackson Trail,,Guarapuava,85000-000
97,390 Sycamore Way,8338 Sheridan Center,Liujiachang,
98,0 Del Mar Terrace,,Girang,
99,959 Marquette Terrace,,Solnechnogorsk,141508
100,1 Kenwood Street,58983 Sage Junction,Riti,
101,84 Meadow Valley Lane,,Pouébo,98824
102,09632 East Alley,7155 Pepper Wood Lane,Lleida,25198
103,3459 Amoth Junction,0 Banding Hill,Gimcheon,
104,4123 Moulton Circle,,Shilaoren,
105,56 Hollow Ridge Plaza,,Sendai,939-1351
106,28 Florence Parkway,,Sasayama,963-4321
107,1 Gerald Court,,Kalianyar Selatan,
108,7 Farwell Park,,Lidian,
109,379 Northridge Pass,,Dhali,
110,0601 Stoughton Circle,,La Estrella,055468
111,6495 Anthes Park,,Cha-am,76120
112,04 Division Trail,,Mafa,
113,9 Corscot Street,,Buyunshan,
114,26 Dexter Crossing,,Saño,
115,60081 Vermont Point,,Keffi,
116,241 Delaware Hill,55 John Wall Circle,Roi Et,45000
117,50 Erie Hill,,Jiefu,
118,9632 Gateway Lane,,Minggang,
119,427 Westerfield Lane,,Donostia-San Sebastian,20005
120,85 Del Sol Circle,,Sabanagrande,083047
121,228 Lake View Place,,Guaíba,92500-000
122,6 Darwin Pass,,Zheyuan,
123,6 Katie Hill,,Shuanghe,
124,65117 Eliot Court,,Gorna Oryakhovitsa,5145
125,5 Sheridan Way,,Birigui,16200-000
126,5 Nelson Park,,Emiliano Zapata,62984
127,40765 Maywood Avenue,,Asahikawa,905-0003
128,339 John Wall Street,,Preserje pri Radomljah,1241
129,9392 Monica Way,62738 Lighthouse Bay Terrace,Lipu,
130,212 Buhler Plaza,,Sokol’skoye,606670
131,2997 Barby Circle,,Neskaupstaður,740
132,3911 Mesta Plaza,,Krosno,38-411
133,5 Prentice Center,,Davila,2012
134,5047 Pleasure Avenue,,Psebay,352585
135,845 Pawling Road,,Остров Пасхи,
136,60598 Dottie Pass,,Sobeok,
137,7820 Northland Court,,Bangunsari,
138,5071 Melby Crossing,,Warlubie,86-160
139,36071 Ronald Regan Drive,,Kikinda,
140,7170 Loftsgordon Alley,,Santa Cruz das Flores,9970-305
141,81297 Dixon Plaza,,Wakuya,987-0121
142,743 Manitowish Street,,Havirga,
143,74 Grasskamp Hill,,Touho,98831
144,69 Anniversary Center,,Kallinge,372 53
145,0306 Farragut Pass,,Henghe,
146,5490 Hooker Trail,,Mirkovci,32100
147,6 Ohio Court,,Frösön,832 93
148,2 Melvin Court,,Bishan,
149,5 Algoma Hill,,Zhongzhou,
150,5 Stang Way,,São Sebastião do Passé,43850-000
151,920 Melody Lane,,Fengshan,
152,7768 Eastwood Crossing,,San Diego,30302
153,50 Raven Road,041 Leroy Parkway,Tongmuluo,
154,98376 Warbler Lane,,Guxi,
155,00983 Clove Point,,Anmore,V5A
156,181 Karstens Place,,Krajan Tambakrejo,
157,2444 Dexter Parkway,,Pérez,2121
158,00 Sycamore Road,,Neepawa,H3Z
159,9 Lawn Park,,Kilcullen,Y25
160,23 Sutherland Lane,,Matos da Ranha,3105-378
161,85 Texas Place,,Lima,
162,0011 Heath Pass,,Churovichi,243044
163,9967 Carey Point,,Al Majāridah,
164,02026 Surrey Point,,Washington,20238
165,5 Burning Wood Place,,Xiangshi,
166,0 Rockefeller Place,,Kokembang,
167,0 Hansons Parkway,,Ballivor,D17
168,01111 Esch Parkway,,Moundou,
169,11 Leroy Terrace,,Tuochuan,
170,75 Red Cloud Drive,,Komorní Lhotka,739 53
171,7 Magdeline Circle,,Elena,5815
172,435 Harbort Road,,Kaniów,26-050
173,07 Tennyson Center,,Canha,2985-006
174,0418 Fieldstone Lane,,Aryiropoúlion,
175,659 Fordem Terrace,,Jardin,93439
176,554 Ridgeway Circle,7 Logan Park,Colorado,99460-000
177,977 Bunting Lane,,Anuling,4501
178,1 Veith Crossing,,Mohoro,
179,67 Summerview Pass,,Priyutovo,452189
180,95 Lakeland Junction,,Tai Po,
181,49897 Daystar Street,,Wangmeng,
182,7941 Nova Court,,Yuracyacu,
183,30795 Clyde Gallagher Parkway,,Kansas City,64130
184,51077 Paget Parkway,,Ermelo,4880-128
185,83772 Southridge Plaza,,Escada,55500-000
186,3979 Orin Point,,Ulricehamn,523 90
187,15 Prairie Rose Alley,,Paruro,
188,83225 Forster Place,,Negoslavci,32239
189,8 Scoville Trail,,Kalde Panga,
190,9 Sunnyside Terrace,,Wololele A,
191,898 Mallory Hill,,Kruševo,34320
192,5107 Farwell Trail,,Zicheng,
193,843 Manley Hill,70812 Farmco Circle,Gobō,649-1537
194,82 Gulseth Parkway,,Kedungdoro,
195,92 Nevada Point,,Praia da Barra,3830-752
196,6 Cherokee Crossing,,Longar,
197,4124 Superior Street,,Pueblo,81010
198,405 Mayer Hill,,Jinji,
199,55 Prairie Rose Street,,Troitsk,142191
200,41 Moland Terrace,,Hongwŏn,
201,42962 Jenifer Plaza,,General Levalle,6132
202,7653 Del Mar Plaza,,Córdoba,632027
203,3739 Bellgrove Center,,Chojnice,89-620
204,7 Eagle Crest Crossing,,Yangxi,
205,32774 Northfield Court,,Cruz Alta,98000-000
206,3 Arapahoe Alley,,Qacha’s Nek,
207,2 Oakridge Circle,,La Palma,42082
208,81990 Granby Trail,,Besao,2618
209,4341 Darwin Plaza,,Al Ḩayfah,
210,79429 Chinook Park,,Piskivka,
211,2459 Northland Point,,Jongorsari,
212,46886 Rieder Crossing,,‘Uqayribāt,
213,18083 Old Shore Alley,,Ninghai,
214,050 Golf Course Place,1 Hanson Lane,Tianxing,
215,0202 Arrowood Road,,Brailiv,
216,65 Hanover Avenue,465 Stuart Hill,Swindon,SN1
217,29508 Homewood Plaza,,Santa Eulalia,
218,20 Cambridge Parkway,390 Bay Plaza,Sainte-Anne-de-Bellevue,H9X
219,5780 Anhalt Avenue,,Ujazd,97-225
220,9 Bowman Pass,,Corpus,
221,3018 Ilene Point,,Linjiang,
222,16424 Stephen Place,,Lyon,69281 CEDEX 01
223,9 Transport Circle,,Heling,
224,5 Acker Street,,Orocué,853059
225,6 Summerview Terrace,,Encantado,95960-000
226,43417 Aberg Point,,Strážná,563 01
227,118 Fuller Plaza,,Bandarlampung,
228,8 Waubesa Hill,,Baing,
229,307 Hoepker Junction,82516 Weeping Birch Point,Las Tablas,
230,9 Dahle Place,,Izborsk,181518
231,8 Pankratz Place,,Medang,
232,76587 Grover Trail,,Oštarije,47302
233,04 Bobwhite Parkway,,Hroznětín,584 01
234,443 Waubesa Park,,Tiandiba,
235,0 Aberg Junction,,Mariestad,542 23
236,7783 Bartillon Parkway,,Beijiang,
237,6 Stone Corner Way,,Nueva Gorgona,
238,1784 Old Gate Drive,16157 Buell Way,Solna,169 30
239,29179 Cottonwood Alley,,Comé,
240,344 Luster Alley,,Haradzishcha,
241,3436 Hauk Avenue,,Sakai,999-2256
242,462 Kenwood Lane,,Sankeng,
243,2239 Cherokee Place,,Shimada,999-7754
244,638 Emmet Pass,,Moravský Krumlov,672 01
245,6 Namekagon Hill,,Calimete,
246,379 Sycamore Junction,,Skawica,34-221
247,8172 Springs Parkway,,Las Mercedes,
248,15747 East Hill,,Itápolis,14900-000
249,43864 Shopko Way,,Wasagu,
250,07 Debs Crossing,,Bedinje,1322
251,33 Shasta Lane,,Minyat an Naşr,
252,1 Ohio Lane,,Fizuli,
253,62 Sullivan Street,,Qingshan,
254,2554 Maple Street,,Nahāvand,
255,4133 Bellgrove Point,,Lukovë,
256,51229 Texas Point,4 Westend Terrace,Gaspar Hernández,11203
257,44424 Scofield Terrace,,Kabul,
258,57659 Daystar Terrace,,Przemęt,64-234
259,66 International Point,,Pimentel,11201
260,266 Michigan Court,633 Dakota Center,Wangcun,
261,49456 Corry Park,,Unquillo,5109
262,223 Vernon Circle,76 Tony Hill,Chester,N9A
263,96223 Jenifer Park,,Chkalov,
264,870 Hovde Drive,,Nol,449 43
265,73 Grayhawk Street,,Karangkedawung,
266,35049 Holmberg Drive,,Kraskino,692715
267,54 Mallard Terrace,,Vavozh,427314
268,836 Meadow Valley Drive,,Chornobay,
269,776 Bunting Junction,,Roche-à-Bateau,
270,7927 Schlimgen Drive,,Chucatamani,
271,547 Nobel Trail,,Villeurbanne,69604 CEDEX
272,7503 Cottonwood Parkway,,Ciechocin,87-408
273,244 Gerald Crossing,,Kavieng,
274,6 Russell Drive,,Qiucun,
275,0226 Autumn Leaf Lane,,Soraya,
276,5917 Hazelcrest Way,75 Kipling Trail,Kendaruan,
277,184 Badeau Center,,Pyatigorsk,357560
278,41502 Kingsford Pass,,Huangjindong,
279,65 Gerald Way,,Pinhal General,2865-193
280,3 Moulton Way,,Sundbyberg,172 39
281,3415 Orin Way,,Melgar,734007
282,32 Stuart Place,,Xingfu,
283,37 Stone Corner Pass,,Det Udom,34160
284,36036 Schmedeman Parkway,5 Esch Center,Carmen,9408
285,66 Crowley Court,,Porvenir,
286,1 Montana Park,,Gandra,4750-402
287,04 Darwin Avenue,,Dahedian,
288,502 Fisk Junction,,Tongzha,
289,218 Vahlen Terrace,,Zhitan,
290,8 Glendale Place,,Itambacuri,39830-000
291,174 East Park,,Surup,5504
292,9534 Holmberg Trail,,Calango,
293,1612 Huxley Center,,Białobrzegi,37-114
294,08 Cottonwood Avenue,,Bisée,
295,42547 Union Terrace,,Nova Olímpia,87490-000
296,819 Hollow Ridge Park,,Kafr Kannā,
297,9 Bashford Court,,Panino,396140
298,46753 Gulseth Point,,Newark,19714
299,51 Erie Park,,Cuogang,
300,730 Kropf Crossing,,Cabeças Verdes,3070-505
301,9729 Ridgeway Park,,Till,
302,9744 Straubel Junction,,Dayuan,
303,4979 Charing Cross Drive,58723 Glendale Point,Azurva,3800-745
304,72 Helena Alley,,Orlando,32868
305,8 Redwing Drive,0938 Eagan Crossing,Plataran,
306,9441 Rutledge Park,1289 Kipling Drive,Dukuh,
307,6 Grasskamp Park,,Macon,31205
308,6 Express Avenue,,Kakogawachō-honmachi,676-0828
309,039 Boyd Pass,,Cuauhtemoc,33102
310,06049 Sachtjen Terrace,,Huazhu,
311,25730 Farwell Road,,Daguma,1009
312,91180 Schiller Plaza,,Oslo,0880
313,645 Maryland Trail,,Thionville,57119 CEDEX
314,60338 Dakota Lane,,Banatsko Karađorđevo,
315,69728 American Place,,Samālūţ,
316,51 Hallows Terrace,,Tiel,4004
317,22 Prairieview Crossing,,Villa La Angostura,8407
318,159 Miller Center,992 Killdeer Circle,Skaramangás,
319,9 Melvin Center,,Klyetsk,
320,11 Maywood Point,,Shuangqiao,
321,0 Loftsgordon Junction,,Amiens,80004 CEDEX 1
322,90 Elmside Park,,Český Těšín,737 01
323,0108 Columbus Road,,Stockholm,104 62
324,2787 Emmet Drive,,Wang Chan,21210
325,16 Maryland Plaza,,Catungawan Sur,6310
326,0345 Waywood Way,,Chikushino-shi,818-0138
327,5 Del Mar Road,,Jeonju,
328,8170 Ridgeview Hill,,‘Abbāsābād,
329,1831 Valley Edge Court,,Rio de Janeiro,20000-000
330,54 Kensington Point,,Zhaoguli,
331,55 Lawn Avenue,,Laprida,4205
332,660 Vidon Street,,Sartana,
333,895 Bluejay Junction,,Huanza,
334,39 Clove Trail,,Hukeng,
335,2 Waubesa Plaza,,Banga,9511
336,977 Farwell Trail,,Gal’bshtadt,692769
337,3 Heffernan Place,,Stony Hill,
338,962 La Follette Way,,Pembuanghulu,
339,030 Bartelt Street,,Jarash,
340,22504 Calypso Street,,Shuanghejiedao,
341,2 Declaration Road,,Zhangduangu,
342,96 Bellgrove Alley,,Changtang,
343,163 Reindahl Point,,Wuyang,
344,35471 Marquette Street,,Shanjie,
345,692 Coleman Court,,Carapelhos,3070-605
346,95539 Lerdahl Circle,285 Stephen Road,Pasanggrahan,
347,51309 Barby Trail,,Longtang,
348,3 Coleman Place,,Marsabit,
349,72 Waywood Park,,Ognevka,
350,52547 Novick Terrace,,Mýrina,
351,81 Vernon Place,10 Lyons Terrace,Arruda dos Vinhos,2630-115
352,45305 Starling Plaza,,Saint Louis,63150
353,83679 Barnett Point,,Cabañas,19018
354,5 Bayside Terrace,,Tišina,9251
355,60 Oneill Crossing,,Pule,
356,2455 Warrior Street,140 Ridgeway Road,Mrozy,05-320
357,678 Ruskin Avenue,,Gubuk Daya,
358,19049 Dunning Plaza,,Jinhaihu,
359,893 Comanche Alley,,Banhā,
360,44720 Dottie Plaza,,Yantang,
361,1 Mayfield Pass,,Portorož,6333
362,679 Burning Wood Circle,6813 Glendale Terrace,Biasong,6041
363,651 Spohn Way,,Sypniewo,06-216
364,34201 Debra Pass,,Byera Village,
365,1 Killdeer Circle,,Mudanjiang,
366,928 Coleman Crossing,,Verkhnyachka,
367,22119 Magdeline Center,,Souq Larb’a al Gharb,
368,641 Vermont Point,,Fuji,
369,07 Waxwing Hill,,Balad,
370,3468 Dwight Road,,Guimba,3115
371,28 School Court,,Ingå,83501
372,155 Kensington Pass,,Kostelec nad Černými Lesy,281 63
373,00 Tony Center,,Rakiv Lis,
374,2 Summer Ridge Avenue,19 Charing Cross Drive,Chocianów,59-141
375,5 Bartillon Parkway,,Naḩḩālīn,
376,2821 Mosinee Pass,,Hajeom,
377,550 Anhalt Way,,Touba,
378,9 Village Green Court,,Baratleke,
379,57747 Union Street,,Nanyulinxi,
380,497 Knutson Avenue,,Aromashevo,412285
381,27 Kingsford Circle,,Lameira,4690-712
382,69153 Harper Road,,Thiès Nones,
383,6697 Kropf Junction,,Idkū,
384,2 Colorado Crossing,,Charyshskoye,658183
385,16 Amoth Place,,Xunjian,
386,973 3rd Terrace,,Quinua,
387,4 Rigney Drive,,Sabang,4110
388,9596 Grover Pass,,Petrovsk,412545
389,28 Barnett Terrace,,Donnacona,G3M
390,7276 Fulton Court,,Yuhuangding,
391,27 Acker Trail,,Tres Arroyos,6550
392,4714 Lindbergh Avenue,,Wan’an,
393,880 Twin Pines Place,,Dolany,783 16
394,731 Starling Point,,Nenotes,
395,5 Walton Park,,Chão,4990-565
396,10192 Di Loreto Terrace,,Dampol,3005
397,65 Laurel Court,05 Lawn Point,Santa Valha,5430-236
398,219 Mayer Point,,Shixi,
399,171 Paget Pass,,Antipolo,6005
400,7938 Bunting Crossing,,Deqing,
401,03056 Jay Point,,Cuozheqiangma,
402,4 Oak Way,,Tancheng,
403,87976 Carey Plaza,,Subotica,
404,56174 Westerfield Crossing,,Tsaritsyno,142717
405,4602 Carpenter Lane,,Tash-Kumyr,
406,6 Southridge Lane,,Entre Rios,89862-000
407,63 Clarendon Alley,,Tosu,841-0205
408,51 Gina Hill,,Phichit,66140
409,17367 Mccormick Court,,Bălţi,MD-6222
410,7220 Manitowish Trail,,Chengguan,
411,6006 Rusk Road,,Sollefteå,881 86
412,64349 Butterfield Point,,Sergelen,
413,1444 Shasta Street,,Wangtai,
414,8934 Sachs Crossing,,Mendoza,
415,2 Stephen Trail,,Agios Dimitrios,
416,07360 Corry Court,,Kolympári,
417,7 Kings Pass,,Cabedelo,58310-000
418,714 Becker Alley,,Buenavista,8601
419,9 Towne Way,,Novaya Derevnya,186326
420,58502 Helena Point,,Pasirmadang,
421,55622 Dawn Alley,00755 Ronald Regan Circle,Zhushan Chengguanzhen,
422,0080 Mandrake Trail,,Kamenný Přívoz,252 82
423,0999 Vernon Pass,,Liloy,7115
424,23 Haas Circle,,Šluknov,407 77
425,4772 Merrick Point,,Luga,412292
426,9970 Loomis Crossing,,Ekerö,178 54
427,4 Talisman Center,,Si Racha,20110
428,908 Anniversary Center,,Tingsryd,362 23
429,2 Browning Court,,Rudolfov,373 71
430,020 Arkansas Crossing,,Moya,
431,739 Homewood Circle,72973 Kenwood Way,Cahuacho,
432,92602 Vermont Avenue,,Gaotang,
433,843 Butternut Junction,,Daohe,
434,9779 Hagan Point,,Vrakháti,
435,52 Katie Park,05285 Summit Alley,Jagna,6308
436,37794 Weeping Birch Alley,,Cañuelas,1814
437,6 Southridge Drive,,Santa Venera,SVR
438,804 Lakewood Gardens Circle,,Orléans,45979 CEDEX 9
439,0 Northland Circle,,Aurora,80045
440,62 Homewood Circle,,Khallat Şāliḩ,
441,30 Ludington Center,,Fengcun,
442,1447 Derek Drive,,Zongjia,
443,545 Sloan Avenue,,Herne,44629
444,02997 Gina Road,,Chalaco,
445,7 Fairfield Hill,,Balud,5412
446,0 Stone Corner Junction,,Liqizhuang,
447,4 Buhler Way,,Yilkiqi,
448,1 Haas Way,,Jaboticabal,14870-000
449,8772 Lerdahl Alley,,Lovisa,94800
450,03 Shelley Avenue,,Castleknock,K78
451,8 Becker Junction,,Nahāvand,
452,55 Alpine Way,,Shikou,
453,6 Basil Trail,,Curahnongko,
454,9763 Anthes Plaza,,Huilong,
455,473 Cascade Park,,Quinta do Sobrado,2440-176
456,827 Hudson Pass,,Nová Paka,509 01
457,46023 Mosinee Trail,,Limoges,87046 CEDEX 1
458,12 Westport Parkway,,Taoudenni,
459,53 Kings Drive,,Miatli,368156
460,47696 Steensland Lane,,Lazaro Cardenas,91539
461,00 Fallview Road,,Al Ḩāḑir,
462,57162 Sherman Place,,Taochuan,
463,2 Paget Crossing,,Zhdanov,
464,43 Rigney Road,,Gap,05004 CEDEX
465,4597 Lien Street,,Huotian,
466,3124 Dwight Pass,,Airmata,
467,35 Rutledge Terrace,39669 New Castle Avenue,Pleven,5885
468,514 Milwaukee Center,,Klenak,
469,115 Darwin Alley,,Phoenix,85053
470,468 Spohn Street,,El Triunfo,
471,1 Service Parkway,,Shah Alam,40460
472,881 Namekagon Hill,,Sozopol,8131
473,8 Hauk Alley,,Cát Bà,
474,0080 Vahlen Hill,,Kalanguy,674553
475,0664 Mosinee Trail,,Huangfang,
476,3 Butternut Junction,,Primero de Mayo,27944
477,18 Melby Pass,,Clonskeagh,D04
478,70 Schiller Circle,,Huddinge,141 05
479,6616 Vidon Trail,,Rio Brilhante,79130-000
480,5185 Evergreen Plaza,,Talok,
481,68 Vernon Hill,,Providence,
482,892 Meadow Valley Crossing,,Cikeper,
483,4770 Westend Road,,Siemiatycze,17-301
484,59 Briar Crest Drive,,Dijon,21900 CEDEX 9
485,1 Pawling Plaza,,Gorgān,
486,689 Scott Plaza,1 Fairview Avenue,Qarqaraly,
487,4199 Manitowish Crossing,,Dieppe,76883 CEDEX
488,0 Spaight Drive,,Aranas Sur,5610
489,32 Troy Park,,Semibratovo,606771
490,89 Kinsman Crossing,,Nanfeng,
491,0055 Donald Parkway,,Rancho Nuevo,91275
492,2 Anderson Hill,,Bitanjuan,4408
493,17822 Lake View Parkway,25 Butternut Center,Rublëvo,652288
494,28316 Rieder Hill,,Grujugan,
495,89295 Mcguire Pass,,Khlung,22110
496,9 Paget Way,6 Killdeer Road,Tacarigua,
497,5 Nancy Circle,,San José de Río Tinto,
498,0147 Loftsgordon Trail,,Blimbing,
499,9957 Debs Trail,,Itako,311-2424
500,12 Anderson Parkway,,Bijia,
501,81288 Anniversary Parkway,,El Pardo,6337
502,0 Homewood Junction,,Qelëz,
503,55 Magdeline Drive,,Kudymkar,619001
504,1 Eagan Center,,Lins,16400-000
505,2561 Susan Pass,,Tubod,9209
506,4 Northridge Drive,18301 Monterey Way,Chervyen’,
507,027 Stone Corner Hill,,‘Ābūd,
508,008 Dexter Park,,Huangmao,
509,972 Welch Center,,Boavista,4690-696
510,2 Arkansas Terrace,,Chimboy Shahri,
511,20496 Muir Junction,97944 Old Gate Avenue,Stuttgart Stuttgart-Mitte,70180
512,1 Carberry Road,,Liufeng,
513,392 Elmside Parkway,40928 Pepper Wood Crossing,Gangba,
514,4389 Valley Edge Alley,,Armenia,
515,75 Bayside Way,,Zaïo,
516,202 Stephen Center,,Bhunya,
517,0661 Eastwood Avenue,,Florianópolis,88000-000
518,0572 Farwell Park,,Yuanqiao,
519,8243 Saint Paul Way,,Beiquan,
520,007 Susan Terrace,,Akaki,
521,7 New Castle Junction,,Soubré,
522,73239 Carioca Hill,,Sangoleng,
523,12239 Arrowood Circle,,Cucuyagua,
524,84365 Heath Circle,,Maranganí,
525,1231 Arapahoe Lane,,Xingdian,
526,45621 Straubel Hill,,Biaoxi,
527,91 Jenifer Junction,,Guilin,
528,76401 Rigney Terrace,,Mitrovicë,
529,5896 Union Street,,Bama,
530,79 Commercial Point,,Qiankou,
531,815 Crescent Oaks Hill,,Meijiang,
532,259 Carioca Hill,,20 de Noviembre,30478
533,2285 Clarendon Crossing,,Nanhe,
534,2853 West Terrace,,Poconé,78175-000
535,0 Dovetail Center,,Soko,
536,0437 Harbort Pass,,Bechlín,411 86
537,061 Del Sol Circle,,Capellanía,
538,4917 Kingsford Park,22097 East Hill,Bollnäs,821 94
539,0071 Hovde Pass,,Santa Rita,
540,240 Barby Pass,,Puerto La Cruz,
541,79345 Dayton Pass,,San Bernardino,92415
542,44548 Swallow Trail,,Rongcheng,
543,93139 Florence Alley,,Rio Claro,13500-000
544,86678 Comanche Lane,,Shofirkon,
545,58205 Bellgrove Pass,,Dīla,
546,80 Brown Way,,Fanzeres,4510-469
547,2 Bunting Drive,,Martingança,2445-705
548,752 Mifflin Crossing,84 5th Plaza,Nickby,21310
549,61 Artisan Way,,Antaparco,
550,24 Warrior Circle,,Engel’s,413146
551,47 Scofield Terrace,08142 Walton Street,Perniö,25501
552,48952 Shasta Circle,,Turkestan,
553,7193 Grover Circle,,Walakeri,
554,70 Summit Trail,57009 Blue Bill Park Court,Arboga,732 46
555,50843 Sutteridge Point,,Марино,1047
556,5245 Luster Trail,,Valašská Polanka,756 11
557,4 South Parkway,,Toyokawa,999-8132
558,875 Ridgeview Hill,,Barrouallie,
559,353 Pearson Lane,,Đông Thành,
560,6409 Jenna Parkway,,Las Vegas,89166
561,51 Pond Circle,,Fairview,D17
562,96 Russell Park,,Granja,5070-085
563,95 Pine View Lane,,Buyunshan,
564,32944 Hovde Circle,,Messina,0900
565,057 Coolidge Plaza,,Lagangilang,2802
566,8 Dahle Avenue,,Zhukeng,
567,78 Walton Point,,Baishi,
568,45956 Clove Pass,,Mỏ Cày,
569,4444 Bellgrove Way,,Trzcinica,63-620
570,8091 Lawn Circle,,Guiping,
571,1 Randy Terrace,1 Cody Street,Solnechnyy,660004
572,6 Washington Plaza,,El Galpón,4446
573,0 Norway Maple Pass,,Kaczory,64-810
574,165 Lotheville Lane,,Taling Chan,10170
575,197 Rutledge Place,,Tonghae,
576,7031 Del Mar Hill,,Alibunan,5042
577,90984 Ridgeway Place,,Měnín,664 57
578,68 Dapin Park,,Волочаевское,238346
579,7387 Alpine Way,,San Marcos,
580,22 Cherokee Road,,Tembol,
581,62 Mifflin Junction,,Solkan,5250
582,243 Shopko Circle,,Hutang,
583,6635 Forster Crossing,,Xarag,
584,208 Derek Avenue,36684 Johnson Circle,Paris 20,75971 CEDEX 20
585,2682 Bluejay Place,,Wojnicz,32-830
586,4419 Fuller Way,,Maple Plain,55579
587,1056 Thierer Junction,,Castries,
588,11 Bluestem Crossing,,Jangheung,
589,4 Clemons Lane,,Marilao,3019
590,147 Acker Hill,,Gevgelija,1480
591,797 Towne Court,,Pogag,
592,0413 Northport Drive,8 Muir Place,Guyancourt,78045 CEDEX
593,459 Onsgard Pass,,Haylaastay,
594,4189 Jana Drive,,Västerås,721 06
595,8 Mcbride Place,,Zhaoguli,
596,551 Stoughton Lane,,Uva,427265
597,885 Myrtle Park,,Heerlen,6404
598,971 West Hill,,Lakeland,33805
599,8585 Clove Park,,Shiren,
600,41838 Sullivan Drive,,Bayan Hot,
601,31 Park Meadow Place,,Tangub,2442
602,770 Corscot Center,,Hexing,
603,531 Union Parkway,,Fuente de Oro,504028
604,63 Columbus Pass,,Badīn,72200
605,2 Forster Lane,,Luxor,
606,06776 Bluestem Trail,,Kuandian,
607,1 Mitchell Park,,Erlangkou,
608,0 Hanover Trail,,Wenqiao,
609,685 Reindahl Pass,,Jarocin,63-202
610,640 Park Meadow Drive,,Heyu,
611,69225 Oxford Hill,,Kuching,93590
612,94172 Sutteridge Alley,123 School Street,Presidente Bernardes,19300-000
613,975 Sycamore Court,,Kadukaung,
614,56858 Doe Crossing Street,,Baihua,
615,277 John Wall Parkway,,Stonewall,H9J
616,76783 Di Loreto Center,,Senovo,8281
617,864 Waubesa Way,,Al Bawīţī,
618,92301 Bluejay Center,,Pagatin,9607
619,929 Eagle Crest Plaza,82 Blue Bill Park Terrace,Casal da Serra,2560-057
620,28 Dawn Crossing,,Keffi,
621,536 Mallory Trail,,Sanjian,
622,657 Oneill Hill,,Sanxixiang,
623,390 Garrison Drive,,Gaozhou,
624,666 David Terrace,,Lindome,437 36
625,804 Center Avenue,,Verkhn’odniprovs’k,
626,24 Maryland Road,,Querecotillo,
627,878 Brickson Park Crossing,95100 Norway Maple Junction,Rāipur,3723
628,95388 Bashford Terrace,,Tiblawan,3503
629,388 Crownhardt Avenue,82 Macpherson Plaza,Dezhou,
630,492 Maywood Pass,,Selorejo,
631,36 Memorial Parkway,,Jincheng,
632,55 Waubesa Way,71 Ohio Center,Czernice Borowe,06-415
633,22172 Warrior Alley,,Härnösand,871 60
634,80300 Dorton Way,,Santo Niño,6711
635,8894 Aberg Center,,Birmingham,35244
636,1 Stone Corner Terrace,,Tomorlog,
637,8 Loomis Parkway,,Panji,
638,9 Shelley Drive,,Almaty,
639,99224 Springview Point,,Rzyki,34-125
640,4869 Delladonna Point,,Dalmeny,M4P
641,071 Sage Drive,,Fatufaun,
642,9 Texas Terrace,,Sidamulya Satu,
643,8243 Hudson Lane,,Yengimahalla,
644,87 Meadow Valley Pass,,Kuaidamao,
645,4 Lunder Trail,,Voloshka,164051
646,6 Grover Avenue,,Haukivuori,51601
647,598 Carberry Circle,23308 Hoepker Parkway,Beibei,
648,64671 Harbort Court,41 Upham Way,Peristerona,
649,450 Jenifer Parkway,,Tangtou,
650,070 Victoria Center,,Quanjiang,
651,602 Pine View Drive,,Shetan,
652,1 4th Alley,,Dziemiany,83-425
653,87173 Aberg Center,,Quebradas,2065-114
654,5 Sage Place,,Xiangfu,
655,71 Porter Point,,Lanta Timur,
656,837 Vermont Lane,,Nuing,1707
657,1690 Crowley Circle,,La Cañada,53570
658,94257 Tennessee Way,,Huifa,
659,376 Bobwhite Crossing,,Stare Pole,82-220
660,178 Anniversary Center,,Lanot,5815
661,291 Grayhawk Place,,Princeville,J1J
662,5 Messerschmidt Center,4 Esker Point,Namangan Shahri,
663,6402 Lakewood Parkway,,Zdiby,250 66
664,4937 Lotheville Lane,,Pniewy,62-045
665,7093 Iowa Street,,Qingshui,
666,67912 Moland Pass,,Ilha Solteira,15385-000
667,3 Esker Trail,,Matsuyama,999-3146
668,86913 Thackeray Plaza,,San Pedro Jocopilas,14009
669,55 High Crossing Pass,,Komga,4950
670,96226 Merchant Road,,Rio das Ostras,28890-000
671,26877 Elka Point,,Guanshan,
672,46436 Ryan Avenue,,Baraçais,2540-557
673,8250 Bultman Court,8607 Killdeer Park,Usagara,
674,70875 Bay Place,,Yukou,
675,46400 Mccormick Hill,,Jiangkou,
676,636 Mccormick Park,,Albina,
677,31 Sunfield Avenue,,Makata,
678,7851 Packers Crossing,,Beichengqu,
679,92 Green Ridge Point,,Andekantor,
680,563 New Castle Terrace,8 Heath Park,Tococ East,1655
681,95409 Dorton Avenue,,Ōhara,299-4624
682,141 Quincy Way,,Bosanski Šamac,
683,73319 Bluestem Avenue,,Mulatupo,
684,2 Spohn Center,,Kraaifontein,7571
685,7 Golden Leaf Pass,,Shuangxi,
686,77527 Parkside Hill,,Bondoufle,91077 CEDEX
687,2 Doe Crossing Junction,,Kuliyapitiya,60200
688,5 Trailsway Circle,59 Pawling Park,Kępie Żaleszańskie,39-410
689,888 Little Fleur Junction,,Bouarouss,
690,407 Little Fleur Road,,Calumpang,2307
691,368 Stuart Center,,Tanjung Raja,
692,18 Cordelia Way,0 Westerfield Point,Gozdnica,68-130
693,138 Independence Alley,,Portëz,
694,19 Little Fleur Junction,4 Miller Point,Yingchun,
695,236 Schlimgen Lane,,Arrabal,2420-005
696,85 Blackbird Plaza,,Linjiang,
697,960 Dakota Plaza,,Zoumaling,
698,7455 Acker Center,812 Thompson Junction,New York City,10131
699,42 Boyd Center,,Antou,
700,2519 Birchwood Crossing,,Gjinkar,
701,9 Buell Lane,5707 Rigney Street,Albardón,5419
702,70 Logan Circle,,Kasongo,
703,0628 Bartillon Place,,Halton,LS9
704,890 Daystar Park,,Tajur,
705,0671 Thierer Crossing,,Rano,
706,2 Namekagon Court,,Jiachuan,
707,3602 American Ash Street,,Phu Phiang,10250
708,19 Clarendon Terrace,,Dadong’ao,
709,470 Messerschmidt Park,,Rustenburg,0390
710,691 Sachs Terrace,,Taiyangling,
711,930 Autumn Leaf Point,,Sestroretsk,197730
712,376 Burning Wood Pass,,Agrínio,
713,2769 Walton Junction,,Guadalupe,33538
714,1345 Bultman Crossing,3 Transport Drive,Mutum Biyu,
715,8 Gina Junction,,Pensilvania,173069
716,0 Debs Crossing,,Dogarmo,
717,80573 Schurz Lane,,Sua,
718,491 Oakridge Parkway,1525 Bunker Hill Terrace,Argenteuil,95109 CEDEX
719,28013 Bobwhite Terrace,,Zhongshan Donglu,
720,87285 Packers Street,126 Nelson Drive,Tycheró,
721,11 Leroy Drive,,Kunduz,
722,7 Crownhardt Crossing,62 Mccormick Alley,Niš,
723,99862 Troy Park,,Al Bilād,
724,4761 Maple Wood Circle,98 Judy Lane,Póvoa,4615-325
725,1 Riverside Lane,,Taipingchuan,
726,3617 Union Street,,Kathmandu,
727,793 Talmadge Center,,Issy-les-Moulineaux,92782 CEDEX 9
728,734 Everett Terrace,,Maindang,1255
729,019 Truax Street,,Kingston,
730,171 Wayridge Plaza,,Sabadell,08204
731,8857 Lunder Center,,Zhendu,
732,2 Iowa Point,53 Northwestern Point,Florida,
733,571 Jackson Way,,Liudong,
734,2 Bonner Road,,Jiangti,
735,42 Fisk Alley,,Lautaro,
736,3039 South Park,,Raniżów,36-130
737,1632 Ridgeway Court,,Firminópolis,76105-000
738,99 Grover Point,,Vila Franca,4935-621
739,56 Kingsford Way,,Pākpattan,54950
740,7 Bobwhite Point,,Badu,
741,8 Thackeray Street,,Turmus‘ayyā,
742,54 Utah Place,28 La Follette Center,Wolongquan,
743,1 Claremont Trail,,Sumberejo,
744,82989 Summer Ridge Hill,,Karkkila,03620
745,182 Duke Street,,Gaurnadi,8242
746,8 Hazelcrest Plaza,,Shuangshan,
747,55 Schmedeman Park,,Būrkah,
748,27 Luster Junction,,Mueang Suang,45220
749,1961 Gina Parkway,,Goléré,
750,71 Elmside Road,53822 Erie Point,Shimabara,519-3203
751,691 Redwing Terrace,,Mananum,6118
752,71 Kinsman Point,,Zeguo,
753,64 Pankratz Pass,,Utabi,3508
754,240 Truax Place,,Xincun,
755,46 Loftsgordon Drive,,Mosteirô,4785-210
756,37 Ridgeview Crossing,,Dayangqi,
757,6547 Washington Court,,Governor’s Harbour,
758,44256 Corscot Parkway,,Al Karāmah,
759,39053 Mayer Point,,Pau,64004 CEDEX
760,603 Cherokee Place,,New York City,10009
761,170 Susan Street,,Kalkal Barat,
762,405 Tomscot Court,,Louisville,40266
763,9 Michigan Park,1975 Hazelcrest Park,Roanoke,24034
764,55007 Continental Center,,Lawrenceville,30245
765,1304 Beilfuss Road,,Amassoma,
766,398 Thierer Court,,Baota,
767,973 Reindahl Point,,Sunagawa,997-0415
768,5425 Myrtle Alley,,Voskopojë,
769,331 5th Park,50 Luster Lane,Momanalu,
770,6275 Mayfield Point,504 Londonderry Terrace,Los Angeles,90076
771,5 Heath Terrace,,Rukaj,
772,59561 Dawn Pass,,Dolno Palčište,1219
773,3 Brickson Park Road,,Petrolina de Goiás,75480-000
774,92272 Russell Junction,,Jinping,
775,8118 John Wall Center,,Elefsína,
776,857 Garrison Trail,,Nusajaya,79503
777,7 Carioca Terrace,,Potchefstroom,2538
778,21110 Burning Wood Place,,São Joaquim da Barra,14600-000
779,13525 Warner Plaza,,Girón,687587
780,28 Prentice Terrace,,Nkwerre,
781,10 Fair Oaks Pass,,Silute,99001
782,198 Dorton Lane,,Cortes,6341
783,61 Artisan Road,71691 Walton Parkway,Chunhua,
784,7 Northview Point,,Sruki,
785,441 Leroy Place,,Klakeh,
786,498 Armistice Crossing,,Kayanza,
787,696 Farmco Road,,Benito Juarez,61570
788,69 Dwight Place,,Momil,232008
789,12 Steensland Plaza,,Tunggar,
790,0 Coleman Crossing,,Medina Estates,
791,4 Sachtjen Avenue,,Haoshui,
792,6 Manitowish Crossing,,Srunikrajan,
793,2 Summerview Center,,Örebro,700 15
794,842 Hagan Terrace,,La Motte-Servolex,73295 CEDEX
795,45411 Ruskin Avenue,27 Milwaukee Center,Tullinge,146 40
796,757 Melody Terrace,990 Mockingbird Avenue,Kang-neung,
797,75206 Trailsway Hill,26 Birchwood Point,Librazhd,
798,84 Acker Terrace,,Serra,4575-069
799,4995 Jackson Crossing,747 Arrowood Plaza,Timoulilt,
800,7363 Upham Drive,,Monastir,
801,2 Continental Court,,Penghua,
802,852 Golf Course Way,07701 Corry Avenue,Severo-Zadonsk,301792
803,0540 Farragut Pass,,Ban Tak,63120
804,3 Alpine Crossing,,Kéfalos,
805,8 Lukken Terrace,,Nizhniy Tagil,622052
806,56675 Lunder Parkway,,Pilar,
807,8 Hermina Center,,Campelos,2565-035
808,0 Michigan Way,,Hamburg,22041
809,3528 Dawn Plaza,,Milevsko,399 01
810,4 Tennessee Point,,Cayambe,
811,83 Towne Way,,Changning,
812,7 Stoughton Park,,Pimian,
813,323 Erie Lane,,Dehang,
814,688 Lakeland Hill,,Merklín,334 52
815,87 Buena Vista Trail,,Colorado Springs,80915
816,7149 Forest Avenue,,Fairview,D17
817,55 Independence Plaza,,Trollhättan,461 12
818,7 Texas Center,2 Oxford Place,Hinthada,
819,97928 Monica Plaza,,Rezé,44409 CEDEX
820,14438 Clyde Gallagher Avenue,,Yuyang,
821,9448 Nevada Parkway,,Lampa,
822,4 Towne Crossing,,Lívingston,18002
823,6746 Shasta Way,,Nanfeng,
824,767 Hovde Terrace,,Krutinka,646130
825,8 High Crossing Plaza,,Pepe,
826,2663 Oneill Pass,,Jacareí,12300-000
827,9 Fairview Street,,Pagaruša,
828,722 Chinook Parkway,,Labuhanlalar,
829,83998 Monica Point,,Antanifotsy,
830,243 Monument Point,,Sruni,
831,4336 North Junction,,Alcoy,2566
832,33812 Redwing Park,00744 Sullivan Trail,Passagem,2430-632
833,2956 Butterfield Avenue,67224 Acker Place,Huangtian,
834,65136 Knutson Place,,Nanxi,
835,34 Bunting Center,,Marathon,P6A
836,7248 4th Drive,,Rinconada,4643
837,400 Boyd Circle,,Laixi,
838,631 Melrose Point,78543 Londonderry Avenue,Arnoia,4890-055
839,7097 Johnson Avenue,12 Fremont Place,Casa Nova,2655-425
840,09393 Dixon Junction,,Qiziltepa Shahri,
841,63 Duke Lane,,Otrado-Kubanskoye,352189
842,9 Fuller Trail,,Trollhättan,461 25
843,937 Wayridge Terrace,,Polýkastro,
844,5013 Nelson Park,,Napoli,80141
845,5 Chive Street,,Osnabrück,49082
846,2 Little Fleur Drive,,Białobrzegi,37-114
847,4126 Buhler Street,5745 Northridge Court,Minna,
848,38 Hoard Center,,Alurbulu,
849,3127 Pierstorff Park,,Lazarevskoye,397474
850,631 Hudson Parkway,,Sundsvall,851 78
851,2 Arkansas Drive,,Leiria,2400-013
852,4 Buhler Court,,Jarošov nad Nežárkou,378 41
853,173 Old Shore Way,,Lembur Tengah,
854,4 Bobwhite Lane,,Pagnag,
855,2888 Haas Terrace,,Santo Niño,6711
856,7363 Sullivan Pass,,Katsina-Ala,
857,4920 Londonderry Point,,Gagnoa,
858,328 Mandrake Terrace,,Michałów,28-411
859,68411 Mitchell Road,,Goiatuba,75600-000
860,3 Schlimgen Court,,Varberg,432 30
861,32515 Anzinger Avenue,,Bov,2271
862,055 Lillian Road,,Sukadana Selatan,
863,77 Sundown Parkway,,Dmitriyevka,452242
864,7277 Old Gate Hill,,Kodamachō-kodamaminami,375-0054
865,19318 Myrtle Center,,San José de Cusmapa,
866,3 Luster Point,,Magalalag,3501
867,1501 Bunting Parkway,,Namysłów,46-100
868,33 Sheridan Pass,,Dordrecht,5436
869,61 Surrey Terrace,,Mayskiy,301649
870,33 Thackeray Point,,Telde,35213
871,00 3rd Pass,,Changping,
872,5465 Morningstar Center,,Orekhovo-Zuyevo,142609
873,2 Glendale Lane,,Bettendorf,L-9359
874,64 Homewood Junction,,San Pedro Ayampuc,01056
875,39731 Golf Course Terrace,,Strenči,
876,3 Schurz Lane,,Paris 18,75884 CEDEX 18
877,055 Schurz Junction,74 South Hill,Ziway,
878,11 Crescent Oaks Hill,,Belén de Umbría,664048
879,95355 Stephen Court,,Umeå,901 86
880,70 Fairview Terrace,,Ngrayun,
881,5688 Autumn Leaf Alley,,Villa Paula de Sarmiento,5413
882,78011 Commercial Trail,,Ocampo,4419
883,4153 Linden Street,339 Florence Road,Roliça,2540-664
884,302 Elka Alley,04411 Washington Lane,Nueva Italia,
885,9297 Dorton Point,,Orléans,45045 CEDEX 1
886,4 John Wall Point,,Nieuwegein,3439
887,483 Hooker Circle,,Duekoué,
888,7 Farwell Hill,,Barotac Nuevo,1045
889,3 Kenwood Drive,,Bessonovka,442780
890,2144 Ridgeway Lane,,Stockholm,105 17
891,2 Spenser Hill,,Borgustanskaya,357373
892,71839 Birchwood Trail,,Vitry-le-François,51361 CEDEX
893,83008 Linden Parkway,,Shatian,
894,9987 Shoshone Terrace,,Xian’an,
895,4477 Union Place,,Urung,
896,5781 Gateway Way,,Shengli,
897,5446 Mariners Cove Court,0484 Haas Pass,Badean,
898,87 Sugar Drive,,Krasnapollye,
899,7 Nevada Circle,,Nyköping,611 35
900,43167 Dapin Crossing,1776 Dunning Hill,Si Racha,20110
901,9466 Eliot Place,,Shreveport,71137
902,9 Kings Crossing,,Waigete,
903,60 American Ash Street,,Jiuzhen,
904,1 Kinsman Drive,,Pakalongan,
905,0 Upham Plaza,,Chantilly,60637 CEDEX
906,29919 Anzinger Circle,,Bokhan,669310
907,34157 Debs Circle,,Isheyevka,433310
908,5806 Gina Trail,,Puerto Mayor Otaño,
909,296 Rockefeller Avenue,,Yarmolyntsi,
910,3053 Autumn Leaf Way,,Buenavista,29027
911,837 Fieldstone Park,,Caqu,
912,7 Old Shore Trail,,Yulin,
913,824 Eagan Way,,Gunungmalang Satu,
914,07 Prairieview Hill,41900 Sutteridge Hill,Umm Sa‘īd,
915,285 Jay Way,,Kościerzyna,83-401
916,451 Maple Plaza,,Tervel,9499
917,49814 Blackbird Court,,Rueil-Malmaison,92504 CEDEX
918,47 Waxwing Way,,Aldeia da Piedade,2925-017
919,862 Melvin Lane,,Giado,
920,4 Oak Valley Plaza,,Smyshlyayevka,461990
921,5837 Longview Pass,,Atibaia,12940-000
922,276 Calypso Drive,,Monte Plata,11102
923,464 Everett Crossing,,Santa Justina,4516
924,65770 7th Court,,Troitsk,428902
925,3 Jenifer Junction,,Mantes-la-Jolie,78718 CEDEX
926,18069 Nobel Point,,Ciénaga de Oro,232538
927,07 Ludington Plaza,,Balangonan,2713
928,55 Hanover Road,,Prómachoi,
929,21 Lakeland Crossing,45 Washington Lane,Shuangcheng,
930,0209 Burning Wood Way,3 Schurz Street,Sidi Slimane,
931,05688 Westerfield Street,,Mingjiu,
932,07193 Everett Place,,Tampa,33686
933,04133 Forest Center,,Lucerna,
934,35 Melrose Street,0 Lyons Trail,Géfyra,
935,06 Pleasure Junction,,Seattle,98158
936,01367 Thackeray Crossing,,Baitang,
937,50143 Farragut Point,,Cerrito,681509
938,77 Corry Crossing,,Xinglongquan,
939,2 Rusk Lane,,Paris 16,75784 CEDEX 16
940,36 Jackson Hill,,Horizonte,62880-000
941,08848 Warbler Park,,Yokkaichi,960-0752
942,03 Mockingbird Park,,Ishikari,637-0404
943,63 Hollow Ridge Drive,,Batanghari,
944,6273 Dwight Parkway,,Kosong,
945,12 Monica Place,,Anqing,
946,6120 Darwin Hill,,Pallisa,
947,7 Chive Plaza,,Požarevac,
948,4095 Monterey Park,,Vodyane,
949,20 Utah Hill,,Shah Alam,40542
950,6181 Daystar Plaza,,Changleng,
951,32 Boyd Way,,Nandu,
952,770 Scofield Lane,,Ḩalāwah,
953,69102 Pierstorff Street,,Kalinkavichy,
954,6 Schurz Circle,,Colcabamba,
955,1907 Monica Way,,Paris 14,75675 CEDEX 14
956,2 Harbort Point,5 Warrior Trail,Zibo,
957,90 Del Mar Lane,,Sigaboy,7116
958,360 Elgar Terrace,,Berlin,13347
959,584 Myrtle Avenue,,Kanoni,
960,24 Monica Court,,Bagamoyo,
961,35557 Claremont Drive,,Palopo,
962,46011 Eliot Street,,Singaparna,
963,7 Summit Terrace,,Brasília,70000-000
964,97 Dapin Point,4057 Clyde Gallagher Center,Jianping,
965,00357 Rigney Junction,,Jianli,
966,9 Graceland Street,,Sang-e Chārak,
967,1 Jay Drive,,Kalá Déndra,
968,790 Annamark Way,,Talmest,
969,8822 Sheridan Junction,,Yunxiang,
970,292 Scott Place,,Karlsruhe,76199
971,239 Old Gate Alley,,Sangzhou,
972,3499 International Lane,,Dalu,
973,68514 Blue Bill Park Street,,Bachok,16070
974,9421 Cottonwood Circle,,Tchaourou,
975,030 Mariners Cove Road,,Yangcheng,
976,7 Sugar Point,67617 Vermont Center,Bistrica pri Tržiču,4290
977,31119 Straubel Center,,Cirateun,
978,10161 Pond Pass,,Villa Castelli,5355
979,0 Cottonwood Hill,,Berģi,
980,8564 Clove Parkway,,Metu,
981,845 Meadow Ridge Junction,,Sangiang,
982,8 Ryan Parkway,,Kirkland Lake,P2N
983,05 Mendota Lane,,Hecun,
984,4360 Weeping Birch Alley,,Pétionville,
985,52 Ridgeway Parkway,,Washington,20226
986,166 Hermina Crossing,,Washington,20470
987,626 Miller Pass,7433 Lillian Street,Marcala,
988,54 Myrtle Alley,,Vällingby,162 61
989,5 Clemons Circle,,Faisalābād,48101
990,05 Meadow Ridge Pass,,Paprotnia,08-107
991,730 Carberry Park,,Ostashkov,175276
992,8 Mockingbird Point,,Wang Noi,13170
993,70 Carberry Place,,Río Sereno,
994,25 Golf Course Plaza,,Södertälje,151 81
995,78597 Sauthoff Pass,,Mombok,
996,4208 Meadow Vale Avenue,,Krasnogorsk,694810
997,99 Schlimgen Pass,,Leskovac,
998,378 Barby Lane,,Sanjiangkou,
999,1 Atwood Terrace,,Saint Paul,55188
1000,151 Trailsway Junction,,Bolou,
