cust_id,cust_firstname,cust_lastname
1,Joana,Ellum
2,Claudina,Beavers
3,Joyann,Meininger
4,Vidovic,Watsham
5,Coletta,Bonaire
6,Agace,Batson
7,Arlen,Roger
8,Mack,Purchase
9,Carson,Haselup
10,Jodi,Mation
11,Bamby,Mollin
12,Myriam,Lancett
13,Genni,Pidduck
14,Devi,Meadowcroft
15,Reagan,Lee
16,Freemon,Wessing
17,Aurea,McCoughan
18,Lissy,Leither
19,Hamil,Ganter
20,Ruth,Tirrey
21,Danya,Scarfe
22,Catlee,Euesden
23,Reynolds,Dillicate
24,Germayne,Freebury
25,Marten,Scurrah
26,Annalise,Lenglet
27,Georgiana,Swale
28,Nelie,Farish
29,Bond,Sigmund
30,Ed,Farnham
31,Herbert,Postans
32,Ophelie,O' Sullivan
33,Oren,Gullifant
34,Madelene,Stoyles
35,Magdalen,Dudley
36,Leora,Crumpe
37,Kerwin,Nutter
38,Trista,Heeran
39,Peyton,Calvey
40,Kingsly,Turle
41,Chloris,Furnell
42,Windham,Gladden
43,Hunter,Dolphin
44,Chancey,McCrudden
45,Ingemar,Grendon
46,Clayson,Ramsay
47,Hedwig,Chandler
48,Reuven,Nottingham
49,Brittani,Cowpertwait
50,Fidelia,Spanton
51,Muffin,Shird
52,Magdaia,Achrameev
53,Michel,Oldridge
54,Della,Maypole
55,Natalya,Bidgod
56,Armin,Ingle
57,Dione,Northcott
58,Giff,Fernando
59,Chloe,Bus
60,Koo,Rosensaft
61,Benjy,Berrey
62,Aluin,Cuttelar
63,Jillie,Manes
64,Ermentrude,Stockdale
65,Camala,Planks
66,Konrad,Berg
67,Cilka,Tomasutti
68,Niles,Blant
69,Olympie,Finicj
70,Anette,Peasnone
71,Junette,Risely
72,Iseabal,Cleator
73,Bertrando,Mallinson
74,Margalit,Thody
75,Allis,Thackeray
76,Berta,Hydes
77,Felita,Dwane
78,Anny,Clemot
79,Nonie,Okenden
80,Susie,Samper
81,Friederike,Sone
82,Germaine,Passler
83,Calley,Deyenhardt
84,Diandra,Cleghorn
85,Udall,Norgate
86,Gunar,Bramhill
87,Bucky,Colthard
88,Jobye,Sobey
89,Luella,Davenell
90,Martguerita,Stannett
91,Samaria,Cone
92,Brodie,Haydock
93,Tad,Lyford
94,Cherida,Moppett
95,Hieronymus,Lillegard
96,Edee,Lathan
97,Rahal,Griffithe
98,Virginia,Foyle
99,Dulci,Rembrandt
100,Lind,Hutcheon
101,Dana,Dearness
102,Friedrick,Silk
103,Larissa,Banbridge
104,Ebonee,Austins
105,Antonia,Trafford
106,Retha,Tixier
107,Millicent,Kempster
108,Rusty,O'Lynn
109,Miltie,MacInnes
110,Zsazsa,Stagg
111,Martyn,Tingly
112,Corrie,McKew
113,Nisse,Tyre
114,Philippine,Culpin
115,Joye,Rosson
116,Aile,Ayce
117,Abie,Brabon
118,Lyon,Scimone
119,Cornelius,Klos
120,Miran,Felix
121,Nolly,Bayman
122,Shea,Apthorpe
123,Arly,Farady
124,Delia,Whiskin
125,Denyse,Nieass
126,Chelsie,Henrion
127,Germayne,Preene
128,Brit,Seven
129,Jodee,Dorcey
130,Alf,Ivanishin
131,Dennie,Kall
132,Dom,Yewdale
133,Westbrooke,Rigmand
134,Sherill,Manuaud
135,Rube,Falkus
136,Marlena,Paoletto
137,Adelice,Sallings
138,Rollo,Monkman
139,Grover,Grunson
140,Eba,Stacy
141,Lennard,Padson
142,Kerwinn,Bransden
143,Otho,Lowin
144,Sabra,Matzke
145,Nolan,Stebbings
146,Sue,Tuting
147,Luciana,Owbrick
148,Devland,Kolakowski
149,Merwin,Huntington
150,Elfie,Mayze
151,Lynnette,Gierhard
152,Kath,Thackwray
153,Lammond,Mc Trusty
154,Lauralee,Couchman
155,Llywellyn,Guiel
156,Abram,Craigie
157,Barri,Ruter
158,Buiron,Chape
159,Farra,Noyes
160,Gus,Yuryichev
161,See,Tring
162,Aldus,Crockatt
163,Daniella,Fishbourn
164,Brigida,Queree
165,Miner,Ainslee
166,Celestine,Minshull
167,Belvia,Bouette
168,Pen,Mann
169,Ninon,Poacher
170,Aile,Frogley
171,Sky,Ailmer
172,Hermina,Jaquin
173,Thornton,Beyn
174,Dinnie,Warden
175,Blancha,Fidal
176,Man,Dunkley
177,Alyda,Venmore
178,Chilton,Bedboro
179,Tanya,Sinnett
180,Alfreda,Humphrey
181,Vivia,Winney
182,Heloise,Fosdike
183,Rip,Codman
184,Joeann,L'Amie
185,Gabriel,Butt
186,Damita,Billingsley
187,Ambur,Stannas
188,Chariot,Dent
189,Oswald,Croom
190,Sammy,Ormes
191,Burr,Montrose
192,Shannan,McGinny
193,Caron,Bubbins
194,Hasty,Mansell
195,Humfried,Nardrup
196,Blakeley,Tonsley
197,Joete,Rowell
198,Fleur,Doggerell
199,Tildi,Cliburn
200,Michaelina,Fabler
201,Emmery,Skill
202,Sigmund,Buessen
203,Laverna,Thrasher
204,Emmi,Berkley
205,Edgard,Tuvey
206,Trudey,Russe
207,Helsa,Campos
208,Tobe,Paddie
209,Thaine,Skegg
210,Wat,Santoro
211,Pat,Porritt
212,Wanda,Burdge
213,Arda,Antonacci
214,Leoline,Downs
215,Raviv,Haughey
216,Lavina,Tideswell
217,Ruthy,Brantzen
218,Alli,Chirm
219,Clarabelle,Fyfield
220,Pippa,Jaegar
221,Yovonnda,Edmonson
222,Bale,Crockett
223,Adelaide,Pottes
224,Kristy,Vanyushin
225,Bryon,Danby
226,Jazmin,Sitwell
227,Skipper,Leith
228,Danielle,Speariett
229,Josi,Mickelwright
230,Alastair,Doumerque
231,Bennie,Aviss
232,Wyn,Macari
233,Randall,Janouch
234,Heath,Cicculini
235,Darius,Reuss
236,Elianore,Duggon
237,Burl,Muffitt
238,Laurens,Jorn
239,Daveta,McCooke
240,Katharina,Vannoni
241,Man,Sampey
242,Eduard,Blackall
243,Hobie,Tatton
244,Antonella,Goodbar
245,Melitta,Olander
246,Claybourne,Coxhead
247,Frank,Jackett
248,Minnie,Fosten
249,Leonid,Herkess
250,Charley,Raithby
251,Alberik,McGrory
252,Elnore,Shall
253,Samara,Tyrie
254,Guthrey,Walls
255,Jorgan,Longson
256,Kilian,Smyley
257,Garrek,Byrkmyr
258,Nappie,How
259,Leoine,Joburn
260,Derrek,Coard
261,Saudra,Faherty
262,Harlie,Cordingly
263,Krisha,Fink
264,Tarah,Prestner
265,Luke,Junkin
266,Lela,Conrad
267,Mabel,Godber
268,Hobie,Sweynson
269,Myca,Jardine
270,Robinet,Dunkerley
271,Bambie,Brydson
272,Marlena,Geddis
273,Reeba,Roubay
274,Glynn,Sandal
275,Yurik,Elvins
276,Melanie,Coker
277,Lynea,Chatteris
278,Francisco,Rowlin
279,Francis,Schooley
280,Gabby,Mohun
281,Kaylil,Escoffrey
282,Daryl,Torrie
283,Raviv,Nickolls
284,Tybalt,Firman
285,Eldridge,Conti
286,Daisi,Igoe
287,Dyana,Blench
288,Caron,Charles
289,Garfield,Kuschek
290,Janifer,Besemer
291,Valerie,Stonnell
292,Franky,Mooring
293,Jorey,Renault
294,Kent,Gian
295,Gertrud,Le Surf
296,Homer,Plett
297,Lenora,Enrich
298,Sharla,Abbotts
299,Amby,Yesson
300,Dorella,Charle
301,Lissi,Smedley
302,Eugenio,Whotton
303,Giana,Sarfass
304,Audie,Belsham
305,Cory,Sherry
306,Kippy,Carden
307,Vachel,Crosswaite
308,Norris,Gazzard
309,Jillene,Jurick
310,Florie,Gillebert
311,Jo,Banghe
312,Hedda,Buddock
313,Roda,Ingleson
314,Maximilian,Jukubczak
315,Jade,Dossett
316,Ric,Whitney
317,Mandel,Purcell
318,Rolland,Nisby
319,Pernell,Cringle
320,Dominique,Shapira
321,Michele,Stiling
322,Natala,Raitie
323,Geordie,Westbury
324,Sena,Bullen
325,Filippa,Grinaugh
326,Dorelle,Fry
327,Marchelle,Whitmore
328,Wald,Cleere
329,Brandie,Passmore
330,Reuben,Evreux
331,Elsey,Fiorentino
332,Keir,Gumbley
333,Louella,Elderbrant
334,Felita,McGregor
335,Barry,Mingotti
336,Maia,Lindeman
337,Eldin,Jobbings
338,Amelia,Steven
339,Bartel,Sargeaunt
340,Adan,Lacknor
341,Pat,Bagley
342,Midge,Flanne
343,Bella,Blyde
344,Julee,Bakeup
345,Glynn,Boyda
346,Gard,Landman
347,Corbie,Ligerton
348,Lucas,Santhouse
349,North,Radden
350,Hamid,Kayley
351,Chrissie,Sansome
352,Carma,Reppaport
353,Lizzie,Landsman
354,Ivory,Heatherington
355,Theodor,Benford
356,Louisa,Bingle
357,Derrick,Gabbotts
358,Tawsha,Mardy
359,Wilmar,Bembrick
360,Astra,Hofler
361,Kania,Packham
362,Kissiah,Veldstra
363,Morgana,Larsen
364,Hillary,Buxton
365,Killy,Mulrooney
366,Kevon,Nasey
367,Joice,Melby
368,Andris,Uridge
369,Gradeigh,Prynne
370,Esme,Lardnar
371,Muire,Dobell
372,Guillaume,Rennock
373,Rani,Fidian
374,Melonie,Larimer
375,Christye,Thulborn
376,Aimil,McNeilley
377,Barbabra,Skelcher
378,Katie,Hildrew
379,Rosalia,Hirche
380,Lilly,Bellard
381,Portia,Spinetti
382,Cordell,Oldmeadow
383,Mabelle,But
384,Maria,Dinesen
385,Dru,Elcom
386,Jeanine,Prophet
387,Gaye,Laviste
388,Rickie,Oleszkiewicz
389,Weston,Salack
390,Raviv,Finlry
391,Darin,Giacoppo
392,Elwood,Phillpotts
393,Salomone,Ben-Aharon
394,Wilow,Haglinton
395,Vanni,Hews
396,Ginelle,Spinney
397,Timmi,Borham
398,Chico,Dignum
399,Emmie,Lehrian
400,Sibeal,Berresford
401,Alvis,Labbez
402,Cammie,Dally
403,Elora,Manhood
404,Giovanni,Iddenden
405,Georgine,Durant
406,Liz,Prewer
407,Sibby,McTear
408,Kinsley,Winnard
409,Gregoor,Leidecker
410,Yevette,Vella
411,Gram,Olenikov
412,Laurie,Kaplin
413,Thaddeus,Willis
414,Quincy,McColley
415,Evelin,Minget
416,Cristiano,Blatchford
417,Amil,Ducarne
418,Gradey,Trenchard
419,Hanny,Hebner
420,Brandyn,Shewen
421,Verne,Clemonts
422,Anestassia,McCroft
423,Ned,Knill
424,Joe,Inderwick
425,Shelly,Jefferies
426,Wilhelmine,Monck
427,Libbi,Minnette
428,Helene,Dunford
429,Kelsy,Norwell
430,Boothe,McAree
431,Ginny,Bahia
432,Coop,Edwick
433,Giacomo,Moppett
434,Whit,Seelbach
435,Brok,Whatson
436,Garreth,Trasler
437,Dorice,Egar
438,Avis,Stollmeyer
439,Laurella,Helgass
440,Ketty,Burgne
441,Alphonso,McQuilliam
442,Aldridge,Batchelour
443,Babette,Sinney
444,Berny,Espin
445,Dukie,Rigbye
446,Erich,Tillard
447,Yasmeen,Bleesing
448,Albie,Rustidge
449,Guy,Brosnan
450,Farra,Hellier
451,Olva,Poytheras
452,Britt,Sambidge
453,Charlot,Blazej
454,Kirsten,Eastridge
455,Clerkclaude,Davidzon
456,Lanie,Moye
457,Sonnie,Brader
458,Natalie,Kilshaw
459,Liva,Perche
460,Tonnie,Jayes
461,Noble,Archibold
462,Prinz,Ghidotti
463,Margie,Siemandl
464,Galvin,Katt
465,Morganica,Pedder
466,Consuela,Sango
467,Aland,Toplis
468,Russ,Nellies
469,Ianthe,Pitts
470,Selina,MacLise
471,Kamillah,Storer
472,Delbert,Qualtrough
473,Bobby,Canfield
474,Kaitlyn,Tillman
475,Hamid,Gerholz
476,Hadrian,Huebner
477,Hubie,Swyre
478,Adriena,Handes
479,Viola,Kleinmintz
480,Deane,Oneile
481,Antin,Assender
482,Corissa,Cowling
483,Marketa,Feuell
484,Janela,Barrable
485,Gussie,Brahan
486,Alexandros,Birden
487,Hatty,Cordero
488,Hy,Mattacks
489,Cale,Flisher
490,Adelle,Laverock
491,Shari,Fagg
492,Hillard,Kynder
493,Tiff,Dominguez
494,Jarib,Willcock
495,Yuma,Rehme
496,Jamie,Dunsford
497,Jules,Rawe
498,Lilla,Tittershill
499,Zedekiah,Caulket
500,Tamas,Moughtin
501,Gage,Fourmy
502,Dulci,Juza
503,Bendicty,McCormack
504,Gussy,Luesley
505,Zebulen,Borthram
506,Angie,Graal
507,Lucais,Conew
508,Scarlet,Reyner
509,Daron,Elwyn
510,Britteny,Jeffes
511,Leontine,Toffolo
512,Darren,Louder
513,Lynnell,Isacq
514,Shermy,McAw
515,Jaime,Agent
516,Conan,Cheston
517,Celinka,Walhedd
518,Pauline,Longega
519,Richmond,Dunston
520,Alicea,Pyzer
521,Raoul,Klawi
522,Edwina,Kirkby
523,Jackie,Lapidus
524,Korella,Davidsson
525,Joe,Teare
526,Aleksandr,Albrecht
527,Clayson,Brick
528,Cristiano,Malthouse
529,Siana,Stuffins
530,Dur,Mattes
531,Jasun,Bichard
532,Alberta,Couvert
533,Theresita,Chatfield
534,Elyn,Pirelli
535,Eleonora,Oret
536,Stanfield,Lashmore
537,Gale,Janecek
538,Kristoffer,Grubbe
539,Taryn,Skiplorne
540,Ruthi,Brownstein
541,Parke,Beedham
542,Pascal,Comiskey
543,Chaddy,Biernacki
544,Tamarra,Meir
545,Nicol,Bogays
546,Cyndy,Cready
547,Nye,Weeks
548,Trefor,Boyland
549,Paten,Koppe
550,Bert,Velten
551,Jecho,Trench
552,Sharai,MacLardie
553,Ainsley,Esche
554,Mata,Souster
555,Louise,Leipnik
556,Leia,Sharplin
557,Christa,de'-Ancy Willis
558,Balduin,Lanktree
559,Alejoa,Renzullo
560,Donella,Amsberger
561,Kiersten,Look
562,Phillipp,Dugan
563,Otes,Nesby
564,Sidonnie,Ravillas
565,Dennie,Coppenhall
566,Archer,McManamon
567,Cosetta,Broxap
568,Jude,Lehrer
569,Nicolle,Crehan
570,Anna-diana,Stickells
571,Tallia,McCreery
572,Leland,Capstake
573,Blaine,Gerbi
574,Lloyd,Rudkin
575,Sheilah,Huc
576,Gabi,Fulle
577,Jennifer,Frude
578,Maighdiln,Lanston
579,Layla,Sherar
580,Ursuline,Frances
581,Burt,Burriss
582,Happy,Seyfart
583,Abner,Davidovicz
584,Josy,Anten
585,Joyce,Ende
586,Iver,Udy
587,Pennie,Arstingall
588,Carny,Brunton
589,Spence,Starrs
590,Etheline,Gutridge
591,Harwilll,Leguay
592,Julina,Dashper
593,Larine,Georgelin
594,Shantee,O'Dogherty
595,Linnea,Adamovitz
596,Faulkner,Niemetz
597,Eddy,Mithon
598,Jacquie,O'Kinneally
599,Marylinda,Klesl
600,Tabor,Tregent
601,Natasha,Abrahim
602,Ulick,Gable
603,Drucy,Sibun
604,Trefor,Rexworthy
605,Noel,Anfonsi
606,Zebedee,Vlasyuk
607,Grata,Di Bartolommeo
608,Bing,Margiotta
609,Nathanial,McBlain
610,Kristine,Mulliss
611,Harlan,Trodler
612,Melony,Penney
613,Thelma,Fortin
614,Eachelle,Dayce
615,Ester,Martinovic
616,Darrelle,Giacopazzi
617,Cordula,Glitherow
618,Kirby,MacInherney
619,Leila,Halsho
620,Britt,Litton
621,Amandie,Graveston
622,Moses,Aldgate
623,Audre,McGlashan
624,Simonette,Etchell
625,Marshal,Cape
626,Estele,Loxton
627,Issie,Abbatucci
628,Lil,Casa
629,Elvyn,Levane
630,Cale,Flather
631,Chalmers,Glennard
632,Pren,Darville
633,Dov,Nyssens
634,Ibrahim,McLise
635,Eveleen,Kenealy
636,Ferguson,Pember
637,Ewell,Gilli
638,Merci,Hun
639,Erminia,De Beauchamp
640,Kilian,Loram
641,Egor,Tremayne
642,Peder,Nestor
643,Abagail,Lilywhite
644,Elsinore,Frewer
645,Cherise,Chaldecott
646,Hugues,Martinovsky
647,Rochelle,Ligerton
648,Austin,Gary
649,Isis,Winny
650,Aaren,Hardisty
651,Edita,Antonacci
652,Bailie,Klain
653,Augustine,Criag
654,Lexine,Blannin
655,Stanly,Nairy
656,Dari,Lehmann
657,Travus,Rock
658,Brynne,Pattington
659,Zared,Keen
660,Ilsa,Wakeford
661,Creighton,Bodill
662,Dell,Simmen
663,Lindsay,Wilne
664,Rozele,Robez
665,Sonnie,McGarrahan
666,Englebert,Vanner
667,Etty,Gilbart
668,Farica,Vaughton
669,Stu,Jarmain
670,Waylin,Keningham
671,Sidnee,Babington
672,Khalil,Dawid
673,Jeremie,Standring
674,Starlene,Prozescky
675,Katy,Shevels
676,Othilia,Measures
677,Janela,Johansen
678,Bastien,Saylor
679,Weston,Schlag
680,Reggie,Attarge
681,Evin,Trevarthen
682,Elizabeth,Nelane
683,Corrine,Gwilym
684,Staford,Saurin
685,Zedekiah,Studd
686,Daveen,Hayford
687,Kassie,Breacher
688,Aura,Phinnis
689,Guthrey,Quincee
690,Clemmy,Van der Beek
691,Noel,L'Hommeau
692,Pearle,Beefon
693,Alanah,Ashburner
694,Magda,Carlan
695,Bonny,Jaggers
696,Dex,Meeking
697,Isaac,Finnis
698,Tybi,Minogue
699,Barbabra,Vize
700,Anatol,McAne
701,Bren,Puffett
702,Rourke,Greenier
703,Alonzo,Giovanazzi
704,Lexis,Zupo
705,Bryan,Wrettum
706,Cherey,Foffano
707,Lyssa,Konert
708,Zacharia,Gerardin
709,Wilmer,Hayward
710,Jeanelle,Fussey
711,Ernesta,Chipping
712,Aili,Stearnes
713,Elfrida,Henricsson
714,Harmonie,Elderton
715,Sammie,Fearns
716,Geri,Churchouse
717,Retha,Giannazzo
718,Caitlin,Symones
719,Bonni,Jellis
720,Biddie,Whitham
721,Gabriello,Gomme
722,Dom,MacTrustie
723,Charyl,Fretwell
724,Eveline,Wrate
725,Wyn,Tarbett
726,Clywd,MacKnocker
727,Marissa,Dible
728,Dreddy,Gideon
729,Coral,Battson
730,Tammara,Ruskin
731,Nat,Leggen
732,Anthony,Cowderoy
733,Austin,Frentz
734,Casey,Brocket
735,Joby,Blincow
736,Cy,Mays
737,Arther,Chadd
738,Cicely,Ousley
739,Waylon,Ziemen
740,Kenneth,Fortnum
741,Sisely,Sirey
742,Floria,Gronous
743,Phillipe,Tibbles
744,Luce,Linley
745,Danita,McIlwaine
746,Nicola,Saur
747,Georgi,Fechnie
748,Sosanna,Pavolillo
749,Torrie,Jelleman
750,Chic,Issacov
751,Nestor,Sparling
752,Gran,Badam
753,Tawnya,Griffey
754,Gretel,Allix
755,Roch,Oldacre
756,Ange,Dominichelli
757,Seumas,Leonardi
758,Adrea,Huthart
759,Chet,Marjot
760,Clareta,Hovington
761,Zachery,Alpe
762,Waldemar,Carder
763,Craig,Bairnsfather
764,Micheil,Boscher
765,Terese,Champ
766,Anselma,Collinwood
767,Winnie,Wicklin
768,Haleigh,Doylend
769,Anatola,Banister
770,Wadsworth,Mason
771,Easter,Giacaponi
772,Freemon,Murison
773,Urban,Doles
774,Andrei,Covey
775,Bernhard,Shapiro
776,Kendell,Dearle-Palser
777,Neville,Wellstead
778,Sarina,Orrum
779,Abdul,Wellbank
780,Hugues,Harhoff
781,Thomasine,Ronchka
782,Chalmers,Hardeman
783,Sidonia,Bleazard
784,Judon,Valero
785,Thaxter,Jerrand
786,Granthem,Felgate
787,Cindelyn,Leaf
788,Joby,Choak
789,Erik,Hagstone
790,Jenni,Kolodziejski
791,Miles,Hackelton
792,Buckie,Bruneau
793,Ely,Keynd
794,Frazer,De Maine
795,Cyrill,Nissle
796,Ninnetta,Anetts
797,Salomo,De Vaar
798,Jacki,Habishaw
799,Eal,Ferrillio
800,Sukey,Blethyn
801,Kesley,Bettles
802,Melicent,Bootland
803,Earlie,Maxwaile
804,Jarrad,Carleton
805,Sophronia,Melior
806,Bryanty,Helin
807,Phyllida,Beck
808,Lonnie,Radbourne
809,Raoul,MacFarlane
810,Austin,Reaman
811,Reine,Zaczek
812,Dayle,Simoes
813,Pincas,Fogg
814,Kaylyn,Everit
815,Basia,Emons
816,Fleurette,Broady
817,Halimeda,Richens
818,Kevyn,Werndley
819,Jobie,Bifield
820,Addi,Harlett
821,Wenonah,Methingam
822,Sanders,Redgewell
823,Randolph,Clague
824,Hunt,Backhurst
825,Buiron,Braime
826,Gilbert,Scutt
827,Kerrill,Chadwyck
828,Stacy,Wey
829,Constance,Jeanon
830,Ross,Ferrero
831,Abran,Millar
832,Murdoch,Syrad
833,Boy,Charopen
834,Rayner,Sicely
835,Law,Belitz
836,Harli,Le Provost
837,Tressa,Bradburne
838,Shirley,Prichet
839,Niccolo,Milbourne
840,Anallese,Yarr
841,Tate,Tomovic
842,Joana,Brunt
843,Jon,Coyle
844,Pamelina,Rhodes
845,Kamillah,Cunliffe
846,Reinaldos,Newvill
847,Silvana,Queree
848,Legra,Kubec
849,Mignon,Balston
850,Miquela,Kordas
851,Dasha,Cottel
852,Nataniel,Vlach
853,Bart,Beardall
854,Orelee,Sinderland
855,Warde,Moye
856,Hilario,Habbal
857,Paul,Doorly
858,Nobie,Pawsey
859,Rosco,Farnsworth
860,Wald,Marvell
861,Analise,Coon
862,Ximenes,Saenz
863,Stacee,Bricksey
864,Arden,Arnley
865,Russ,Gartland
866,Lorenzo,Roscrigg
867,Silvie,Mazzeo
868,Harli,Uttley
869,Darren,Glowach
870,Zachary,Rospars
871,Alejoa,Gelder
872,Bryn,Gahan
873,Ana,Vokes
874,Marjie,Tullot
875,Nikolas,Barcroft
876,Uta,Ricca
877,Bertrand,Byllam
878,Nadine,Minors
879,Pepi,Rosi
880,Freddie,Gniewosz
881,Durward,Cavie
882,Arielle,Edmenson
883,Tades,Matyushenko
884,Martica,Desson
885,Viole,Swatman
886,Samara,Scurrer
887,Terza,Sawer
888,Marylinda,Sharvill
889,Farley,Blizard
890,Lilyan,Matthiesen
891,Alexina,Mancer
892,Starlene,Crang
893,Salvidor,Baddeley
894,Willow,Hollow
895,Yoshiko,Upstone
896,Zelda,Snoddy
897,Bette-ann,MacMearty
898,Yolanda,Evangelinos
899,Consalve,Bruckstein
900,Cullin,Cadding
901,Biron,Glyn
902,Gunther,Carrabot
903,Barbie,Vogel
904,Camel,Crann
905,Farrand,Scotchmer
906,Agnesse,Cuseick
907,Viviyan,Gildersleeve
908,Richmond,Tommei
909,Rodrique,Perez
910,Sadella,Saunder
911,Rob,Fitt
912,Felicle,Farherty
913,Hermine,Sawyer
914,Giustina,Gennerich
915,Lorain,Tackle
916,Godwin,Boylin
917,Keslie,Neilands
918,August,Cawthery
919,Tamarah,Mayho
920,Elfrida,Collishaw
921,Alica,Wildish
922,Noni,Scone
923,Bernardo,Demetr
924,Wandie,Barends
925,Renelle,Fettes
926,Tammara,Yablsley
927,Shelba,Geach
928,Helenka,Borland
929,Robyn,Tawton
930,Benton,Poacher
931,Ivett,Yeandel
932,Monte,Pendergast
933,Burgess,Eastment
934,Alta,Brettor
935,Mahmoud,Wattingham
936,Anton,McComas
937,Cacilia,Crane
938,Roxine,Scates
939,Electra,Worboys
940,Baryram,Suddock
941,Malanie,Subhan
942,Erda,Renvoys
943,Filia,Alfonsetto
944,Egon,Beurich
945,Conan,Olivo
946,Hailee,Olver
947,Kelsi,Mackleden
948,Sinclair,Swinfon
949,Loella,Brickell
950,Chery,Clapshaw
951,Rhett,Hambidge
952,Dugald,Caudle
953,Bjorn,Spon
954,Josh,Inold
955,Appolonia,Hemms
956,Vivia,Monkley
957,Felipe,Westmarland
958,Koren,Stenson
959,Afton,Rames
960,Grissel,Winscom
961,Vern,Privost
962,Welsh,Proudman
963,Mikaela,Lages
964,Bail,Rapper
965,Nike,Rivelin
966,Bobina,Brisard
967,Konstantin,Burbage
968,Georgeanna,Hillin
969,Kevyn,Lancett
970,Duffie,Dyball
971,Kirbee,Showell
972,Clara,Milburne
973,Helyn,McKinstry
974,Shanie,Killock
975,Darius,Cheley
976,Colline,Izhak
977,Hermie,Bullivent
978,Niles,Filippucci
979,Ezekiel,McGill
980,Fidelia,Juett
981,Aguistin,Bradborne
982,Sheffie,Banbrick
983,Perry,Alvin
984,Bria,Faulder
985,Yasmeen,Delcastel
986,Orly,Measey
987,Cati,Richardin
988,Luciano,Paridge
989,Billy,Mosedall
990,Colin,Kanzler
991,Garfield,Bank
992,Ryley,Holyard
993,Vina,Ethelston
994,Gwenore,Tull
995,Jule,Blackmuir
996,Paolo,Blackaller
997,Noland,Brisco
998,Belvia,Stollwerk
999,Jeralee,Starcks
1000,Cecelia,Gonnel
